Прибор: ;Hydra-L (01); ; Интервал: ;2022-05-05 00:00:00; / ;2022-06-02 00:00:00;
Date;BME280_temp;BME280_pressure;BME280_humidity;
2022-06-01 00:00:23;23.33;751.09;44.08;
2022-06-01 00:01:23;23.28;751.07;44.26;
2022-06-01 00:02:23;23.28;751.07;44.26;
2022-06-01 00:03:23;23.31;751.05;44.16;
2022-06-01 00:04:23;23.32;751.05;44.05;
2022-06-01 00:05:23;23.32;751.02;44.14;
2022-06-01 00:06:23;23.3;751.04;44.13;
2022-06-01 00:07:23;23.32;751.05;44.06;
2022-06-01 00:08:23;23.3;751.06;44.08;
2022-06-01 00:09:23;23.34;751.05;43.96;
2022-06-01 00:10:23;23.3;751.09;44;
2022-06-01 00:11:23;23.29;751.1;44.12;
2022-06-01 00:12:23;23.27;751.08;44.13;
2022-06-01 00:13:23;23.3;751.06;44.03;
2022-06-01 00:14:23;23.27;751.06;44.17;
2022-06-01 00:15:23;23.26;751.01;44.26;
2022-06-01 00:16:23;23.31;751.04;44.18;
2022-06-01 00:17:23;23.3;751;44.06;
2022-06-01 00:18:23;23.29;751.06;44.24;
2022-06-01 00:19:23;23.3;751.03;44.13;
2022-06-01 00:20:23;23.31;751.05;44.1;
2022-06-01 00:21:23;23.29;751.06;44.13;
2022-06-01 00:22:24;23.29;751.11;44.18;
2022-06-01 00:23:23;23.3;751.09;44.15;
2022-06-01 00:24:23;23.29;751.07;44.13;
2022-06-01 00:25:23;23.29;751.11;44.16;
2022-06-01 00:26:23;23.29;751.1;44.13;
2022-06-01 00:27:23;23.3;751.12;44.09;
2022-06-01 00:28:23;23.28;751.12;44.23;
2022-06-01 00:29:23;23.28;751.09;44.18;
2022-06-01 00:30:23;23.3;751.07;44.15;
2022-06-01 00:31:23;23.3;751.06;44.17;
2022-06-01 00:32:23;23.29;751.06;44.18;
2022-06-01 00:33:23;23.26;751.04;44.37;
2022-06-01 00:34:23;23.28;751.04;44.4;
2022-06-01 00:35:23;23.27;751.03;44.32;
2022-06-01 00:36:23;23.25;751.03;44.43;
2022-06-01 00:37:23;23.24;751.05;44.39;
2022-06-01 00:38:23;23.28;751.06;44.25;
2022-06-01 00:39:23;23.29;751.03;44.31;
2022-06-01 00:40:23;23.28;751.05;44.26;
2022-06-01 00:41:23;23.29;751.06;44.22;
2022-06-01 00:42:23;23.27;751.06;44.27;
2022-06-01 00:43:23;23.3;751.1;44.19;
2022-06-01 00:44:23;23.28;751.13;44.16;
2022-06-01 00:45:23;23.27;751.12;44.16;
2022-06-01 00:46:23;23.29;751.09;44.08;
2022-06-01 00:47:23;23.29;751.12;44.23;
2022-06-01 00:48:23;23.28;751.1;44.21;
2022-06-01 00:49:23;23.27;751.13;44.29;
2022-06-01 00:50:23;23.27;751.11;44.26;
2022-06-01 00:51:23;23.29;751.09;44.26;
2022-06-01 00:52:23;23.27;751.1;44.39;
2022-06-01 00:53:23;23.28;751.09;44.34;
2022-06-01 00:54:23;23.28;751.1;44.33;
2022-06-01 00:55:23;23.3;751.12;44.35;
2022-06-01 00:56:23;23.28;751.13;44.33;
2022-06-01 00:57:23;23.27;751.13;44.37;
2022-06-01 00:58:23;23.26;751.11;44.43;
2022-06-01 00:59:23;23.26;751.14;44.38;
2022-06-01 01:00:23;23.27;751.12;44.32;
2022-06-01 01:01:23;23.26;751.11;44.44;
2022-06-01 01:02:23;23.26;751.13;44.37;
2022-06-01 01:03:23;23.27;751.11;44.37;
2022-06-01 01:04:23;23.26;751.15;44.41;
2022-06-01 01:05:23;23.26;751.16;44.41;
2022-06-01 01:06:23;23.28;751.16;44.32;
2022-06-01 01:07:23;23.26;751.14;44.38;
2022-06-01 01:08:23;23.26;751.14;44.49;
2022-06-01 01:09:23;23.24;751.12;44.5;
2022-06-01 01:10:23;23.25;751.17;44.56;
2022-06-01 01:11:23;23.24;751.13;44.51;
2022-06-01 01:12:23;23.28;751.14;44.49;
2022-06-01 01:13:23;23.24;751.15;44.53;
2022-06-01 01:14:23;23.25;751.17;44.6;
2022-06-01 01:15:23;23.25;751.15;44.57;
2022-06-01 01:16:23;23.27;751.16;44.46;
2022-06-01 01:17:23;23.23;751.15;44.55;
2022-06-01 01:18:23;23.23;751.16;44.64;
2022-06-01 01:19:23;23.2;751.16;44.67;
2022-06-01 01:20:23;23.22;751.18;44.66;
2022-06-01 01:21:23;23.22;751.16;44.67;
2022-06-01 01:22:23;23.23;751.17;44.54;
2022-06-01 01:23:23;23.24;751.19;44.6;
2022-06-01 01:24:23;23.25;751.2;44.58;
2022-06-01 01:25:23;23.22;751.2;44.61;
2022-06-01 01:26:23;23.23;751.2;44.65;
2022-06-01 01:27:23;23.2;751.17;44.74;
2022-06-01 01:28:23;23.2;751.19;44.74;
2022-06-01 01:29:23;23.23;751.19;44.67;
2022-06-01 01:30:23;23.22;751.21;44.63;
2022-06-01 01:31:23;23.24;751.23;44.59;
2022-06-01 01:32:23;23.26;751.24;44.57;
2022-06-01 01:33:23;23.28;751.26;44.49;
2022-06-01 01:34:23;23.25;751.25;44.54;
2022-06-01 01:35:23;23.26;751.26;44.53;
2022-06-01 01:36:23;23.24;751.28;44.59;
2022-06-01 01:37:23;23.24;751.28;44.58;
2022-06-01 01:38:23;23.22;751.25;44.71;
2022-06-01 01:39:23;23.23;751.27;44.72;
2022-06-01 01:40:23;23.21;751.28;44.77;
2022-06-01 01:41:23;23.22;751.29;44.69;
2022-06-01 01:42:23;23.22;751.3;44.62;
2022-06-01 01:43:23;23.24;751.34;44.61;
2022-06-01 01:44:23;23.22;751.28;44.6;
2022-06-01 01:45:23;23.2;751.29;44.6;
2022-06-01 01:46:23;23.21;751.27;44.64;
2022-06-01 01:47:23;23.21;751.29;44.67;
2022-06-01 01:48:23;23.19;751.23;44.79;
2022-06-01 01:49:23;23.23;751.28;44.64;
2022-06-01 01:50:23;23.22;751.28;44.73;
2022-06-01 01:51:23;23.21;751.27;44.76;
2022-06-01 01:52:23;23.25;751.26;44.68;
2022-06-01 01:53:23;23.21;751.25;44.69;
2022-06-01 01:54:23;23.2;751.29;44.79;
2022-06-01 01:55:23;23.19;751.27;44.73;
2022-06-01 01:56:23;23.21;751.25;44.77;
2022-06-01 01:57:23;23.22;751.27;44.78;
2022-06-01 01:58:23;23.22;751.27;44.75;
2022-06-01 01:59:24;23.21;751.25;44.68;
2022-06-01 02:00:23;23.2;751.28;44.72;
2022-06-01 02:01:23;23.22;751.25;44.73;
2022-06-01 02:02:23;23.21;751.24;44.65;
2022-06-01 02:03:23;23.22;751.24;44.69;
2022-06-01 02:04:23;23.21;751.22;44.72;
2022-06-01 02:05:23;23.21;751.25;44.78;
2022-06-01 02:06:23;23.17;751.23;44.84;
2022-06-01 02:07:23;23.18;751.23;44.86;
2022-06-01 02:08:23;23.2;751.24;44.86;
2022-06-01 02:09:24;23.21;751.25;44.74;
2022-06-01 02:10:23;23.21;751.24;44.73;
2022-06-01 02:11:23;23.21;751.23;44.77;
2022-06-01 02:12:23;23.22;751.24;44.74;
2022-06-01 02:13:23;23.17;751.22;44.89;
2022-06-01 02:14:23;23.22;751.23;44.75;
2022-06-01 02:15:23;23.22;751.23;44.75;
2022-06-01 02:16:23;23.2;751.26;44.76;
2022-06-01 02:17:23;23.19;751.27;44.83;
2022-06-01 02:18:23;23.2;751.26;44.74;
2022-06-01 02:19:23;23.21;751.28;44.76;
2022-06-01 02:20:23;23.2;751.29;44.79;
2022-06-01 02:21:23;23.21;751.3;44.77;
2022-06-01 02:22:23;23.2;751.28;44.78;
2022-06-01 02:23:23;23.18;751.25;44.83;
2022-06-01 02:24:23;23.21;751.27;44.82;
2022-06-01 02:25:24;23.21;751.25;44.81;
2022-06-01 02:26:23;23.18;751.26;44.84;
2022-06-01 02:27:23;23.19;751.25;44.82;
2022-06-01 02:28:23;23.17;751.25;44.87;
2022-06-01 02:29:23;23.2;751.27;44.82;
2022-06-01 02:30:23;23.19;751.3;44.8;
2022-06-01 02:31:23;23.2;751.29;44.76;
2022-06-01 02:32:23;23.2;751.26;44.78;
2022-06-01 02:33:23;23.2;751.26;44.84;
2022-06-01 02:34:23;23.17;751.27;44.88;
2022-06-01 02:35:23;23.18;751.24;44.91;
2022-06-01 02:36:23;23.18;751.26;44.93;
2022-06-01 02:37:23;23.16;751.29;45;
2022-06-01 02:38:24;23.2;751.28;44.85;
2022-06-01 02:39:23;23.17;751.27;44.97;
2022-06-01 02:40:23;23.15;751.26;44.98;
2022-06-01 02:41:23;23.17;751.27;44.85;
2022-06-01 02:42:23;23.16;751.26;44.92;
2022-06-01 02:43:24;23.15;751.28;44.94;
2022-06-01 02:44:23;23.15;751.3;44.96;
2022-06-01 02:45:23;23.17;751.27;44.86;
2022-06-01 02:46:23;23.17;751.3;44.83;
2022-06-01 02:47:23;23.15;751.26;44.97;
2022-06-01 02:48:23;23.14;751.25;44.93;
2022-06-01 02:49:23;23.18;751.26;44.84;
2022-06-01 02:50:23;23.19;751.28;44.75;
2022-06-01 02:51:23;23.17;751.27;44.95;
2022-06-01 02:52:23;23.17;751.28;44.97;
2022-06-01 02:53:23;23.18;751.27;44.93;
2022-06-01 02:54:24;23.17;751.29;44.97;
2022-06-01 02:55:23;23.19;751.32;44.93;
2022-06-01 02:56:23;23.16;751.31;44.9;
2022-06-01 02:57:23;23.17;751.32;44.91;
2022-06-01 02:58:23;23.16;751.34;44.89;
2022-06-01 02:59:23;23.18;751.34;44.87;
2022-06-01 03:00:23;23.16;751.34;44.94;
2022-06-01 03:01:23;23.17;751.37;44.89;
2022-06-01 03:02:23;23.16;751.37;44.95;
2022-06-01 03:03:23;23.16;751.38;44.96;
2022-06-01 03:04:23;23.17;751.36;44.94;
2022-06-01 03:05:23;23.14;751.39;44.97;
2022-06-01 03:06:23;23.16;751.39;44.92;
2022-06-01 03:07:23;23.15;751.39;44.89;
2022-06-01 03:08:23;23.15;751.37;44.85;
2022-06-01 03:09:23;23.17;751.37;44.85;
2022-06-01 03:10:23;23.15;751.38;44.93;
2022-06-01 03:11:23;23.16;751.41;44.89;
2022-06-01 03:12:23;23.16;751.4;44.93;
2022-06-01 03:13:23;23.16;751.39;44.92;
2022-06-01 03:14:23;23.16;751.39;44.89;
2022-06-01 03:15:23;23.18;751.39;44.77;
2022-06-01 03:16:23;23.15;751.37;44.85;
2022-06-01 03:17:23;23.15;751.4;44.86;
2022-06-01 03:18:23;23.16;751.39;44.86;
2022-06-01 03:19:23;23.13;751.38;44.94;
2022-06-01 03:20:23;23.14;751.38;44.98;
2022-06-01 03:21:23;23.16;751.4;44.93;
2022-06-01 03:22:23;23.15;751.41;44.96;
2022-06-01 03:23:23;23.17;751.41;44.87;
2022-06-01 03:24:23;23.17;751.39;44.84;
2022-06-01 03:25:23;23.14;751.39;44.95;
2022-06-01 03:26:23;23.15;751.41;45.01;
2022-06-01 03:27:23;23.14;751.43;44.96;
2022-06-01 03:28:23;23.13;751.41;44.96;
2022-06-01 03:29:23;23.15;751.44;44.9;
2022-06-01 03:30:23;23.14;751.42;44.96;
2022-06-01 03:31:23;23.15;751.43;44.94;
2022-06-01 03:32:23;23.13;751.42;44.95;
2022-06-01 03:33:23;23.13;751.41;44.97;
2022-06-01 03:34:23;23.14;751.44;44.95;
2022-06-01 03:35:23;23.14;751.42;44.9;
2022-06-01 03:36:23;23.13;751.43;44.97;
2022-06-01 03:37:23;23.1;751.47;45.04;
2022-06-01 03:38:23;23.11;751.44;44.98;
2022-06-01 03:39:23;23.12;751.47;44.93;
2022-06-01 03:40:23;23.11;751.44;44.96;
2022-06-01 03:41:23;23.12;751.45;44.89;
2022-06-01 03:42:23;23.11;751.47;45.03;
2022-06-01 03:43:23;23.14;751.44;44.95;
2022-06-01 03:44:23;23.14;751.46;44.88;
2022-06-01 03:45:23;23.14;751.47;44.89;
2022-06-01 03:46:23;23.14;751.47;44.95;
2022-06-01 03:47:23;23.11;751.49;45.01;
2022-06-01 03:48:23;23.14;751.48;44.9;
2022-06-01 03:49:23;23.13;751.47;44.98;
2022-06-01 03:50:23;23.13;751.44;44.9;
2022-06-01 03:51:23;23.11;751.47;44.97;
2022-06-01 03:52:24;23.09;751.5;45;
2022-06-01 03:53:24;23.11;751.51;44.97;
2022-06-01 03:54:23;23.12;751.51;44.94;
2022-06-01 03:55:23;23.15;751.53;44.86;
2022-06-01 03:56:23;23.13;751.49;44.87;
2022-06-01 03:57:23;23.09;751.51;45.02;
2022-06-01 03:58:23;23.12;751.52;44.92;
2022-06-01 03:59:23;23.13;751.53;44.92;
2022-06-01 04:00:23;23.13;751.56;44.89;
2022-06-01 04:01:23;23.12;751.57;44.87;
2022-06-01 04:02:23;23.09;751.59;44.94;
2022-06-01 04:03:23;23.12;751.57;44.91;
2022-06-01 04:04:23;23.1;751.57;44.92;
2022-06-01 04:05:23;23.11;751.62;44.98;
2022-06-01 04:06:23;23.13;751.6;44.94;
2022-06-01 04:07:23;23.11;751.6;44.99;
2022-06-01 04:08:23;23.12;751.62;44.95;
2022-06-01 04:09:23;23.08;751.62;45.04;
2022-06-01 04:10:23;23.08;751.64;45.02;
2022-06-01 04:11:23;23.08;751.63;44.98;
2022-06-01 04:12:23;23.08;751.62;44.99;
2022-06-01 04:13:24;23.1;751.63;44.96;
2022-06-01 04:14:23;23.11;751.62;44.9;
2022-06-01 04:15:23;23.12;751.62;44.89;
2022-06-01 04:16:23;23.1;751.62;44.97;
2022-06-01 04:17:23;23.1;751.61;44.99;
2022-06-01 04:18:23;23.11;751.6;45;
2022-06-01 04:19:23;23.11;751.57;44.93;
2022-06-01 04:20:23;23.1;751.59;44.95;
2022-06-01 04:21:23;23.12;751.58;44.89;
2022-06-01 04:22:23;23.13;751.59;44.87;
2022-06-01 04:23:23;23.13;751.61;44.88;
2022-06-01 04:24:23;23.12;751.62;44.81;
2022-06-01 04:25:23;23.13;751.61;44.88;
2022-06-01 04:26:23;23.12;751.62;44.91;
2022-06-01 04:27:23;23.1;751.63;44.98;
2022-06-01 04:28:23;23.09;751.62;45.05;
2022-06-01 04:29:23;23.1;751.63;45.02;
2022-06-01 04:30:23;23.11;751.62;44.97;
2022-06-01 04:31:23;23.1;751.6;45;
2022-06-01 04:32:23;23.11;751.6;44.95;
2022-06-01 04:33:23;23.1;751.61;45;
2022-06-01 04:34:23;23.14;751.64;44.89;
2022-06-01 04:35:23;23.13;751.61;45;
2022-06-01 04:36:23;23.11;751.62;44.97;
2022-06-01 04:37:23;23.12;751.58;44.93;
2022-06-01 04:38:23;23.12;751.62;44.89;
2022-06-01 04:39:23;23.15;751.62;44.86;
2022-06-01 04:40:23;23.14;751.66;44.82;
2022-06-01 04:41:23;23.16;751.65;44.81;
2022-06-01 04:42:23;23.14;751.65;44.84;
2022-06-01 04:43:23;23.14;751.66;44.76;
2022-06-01 04:44:24;23.14;751.66;44.86;
2022-06-01 04:45:23;23.15;751.66;44.81;
2022-06-01 04:46:23;23.12;751.64;44.88;
2022-06-01 04:47:23;23.11;751.65;44.91;
2022-06-01 04:48:23;23.14;751.66;44.84;
2022-06-01 04:50:23;23.08;751.67;44.94;
2022-06-01 04:51:23;23.1;751.66;44.97;
2022-06-01 04:52:23;23.1;751.66;44.9;
2022-06-01 04:53:23;23.12;751.67;44.87;
2022-06-01 04:54:24;23.11;751.68;44.91;
2022-06-01 04:55:23;23.1;751.7;44.93;
2022-06-01 04:56:23;23.1;751.66;44.94;
2022-06-01 04:57:23;23.1;751.68;44.97;
2022-06-01 04:58:23;23.09;751.66;44.99;
2022-06-01 04:59:23;23.11;751.69;44.88;
2022-06-01 05:00:23;23.13;751.66;44.89;
2022-06-01 05:01:23;23.11;751.67;44.9;
2022-06-01 05:02:24;23.13;751.68;44.87;
2022-06-01 05:03:23;23.13;751.7;44.9;
2022-06-01 05:04:23;23.12;751.67;44.92;
2022-06-01 05:05:23;23.1;751.69;44.94;
2022-06-01 05:06:23;23.11;751.71;44.93;
2022-06-01 05:07:23;23.13;751.68;44.79;
2022-06-01 05:08:23;23.11;751.67;44.91;
2022-06-01 05:09:23;23.1;751.71;44.96;
2022-06-01 05:10:23;23.13;751.71;44.82;
2022-06-01 05:11:23;23.11;751.71;44.89;
2022-06-01 05:12:23;23.12;751.71;44.81;
2022-06-01 05:13:23;23.15;751.71;44.73;
2022-06-01 05:14:23;23.12;751.71;44.74;
2022-06-01 05:15:23;23.11;751.72;44.74;
2022-06-01 05:16:23;23.12;751.71;44.75;
2022-06-01 05:17:23;23.12;751.74;44.75;
2022-06-01 05:18:23;23.11;751.75;44.73;
2022-06-01 05:19:23;23.12;751.74;44.74;
2022-06-01 05:20:23;23.1;751.75;44.85;
2022-06-01 05:21:23;23.13;751.77;44.81;
2022-06-01 05:22:23;23.12;751.73;44.82;
2022-06-01 05:23:23;23.1;751.75;44.92;
2022-06-01 05:24:23;23.1;751.77;44.93;
2022-06-01 05:25:23;23.1;751.73;44.96;
2022-06-01 05:26:23;23.09;751.74;44.93;
2022-06-01 05:27:23;23.12;751.74;44.91;
2022-06-01 05:28:23;23.11;751.73;44.83;
2022-06-01 05:29:23;23.12;751.73;44.81;
2022-06-01 05:30:23;23.11;751.69;44.74;
2022-06-01 05:31:23;23.11;751.72;44.73;
2022-06-01 05:32:23;23.1;751.74;44.79;
2022-06-01 05:33:23;23.09;751.72;44.84;
2022-06-01 05:34:23;23.12;751.74;44.84;
2022-06-01 05:35:23;23.1;751.74;44.86;
2022-06-01 05:36:24;23.1;751.72;44.91;
2022-06-01 05:37:23;23.11;751.76;44.92;
2022-06-01 05:38:23;23.12;751.73;44.82;
2022-06-01 05:39:23;23.11;751.74;44.87;
2022-06-01 05:40:23;23.15;751.74;44.77;
2022-06-01 05:41:23;23.1;751.72;44.9;
2022-06-01 05:42:23;23.11;751.72;44.89;
2022-06-01 05:43:23;23.12;751.74;44.85;
2022-06-01 05:44:23;23.1;751.73;44.88;
2022-06-01 05:45:23;23.12;751.73;44.81;
2022-06-01 05:46:23;23.09;751.71;44.96;
2022-06-01 05:47:23;23.1;751.73;44.91;
2022-06-01 05:48:23;23.12;751.73;44.81;
2022-06-01 05:49:24;23.12;751.75;44.87;
2022-06-01 05:50:23;23.1;751.72;44.85;
2022-06-01 05:51:23;23.1;751.73;44.89;
2022-06-01 05:52:23;23.09;751.73;45.02;
2022-06-01 05:53:23;23.11;751.7;44.9;
2022-06-01 05:54:23;23.1;751.68;45.06;
2022-06-01 05:55:23;23.13;751.7;44.81;
2022-06-01 05:56:23;23.11;751.67;45.04;
2022-06-01 05:57:23;23.11;751.7;45.01;
2022-06-01 05:58:23;23.08;751.69;45.05;
2022-06-01 05:59:23;23.12;751.67;44.96;
2022-06-01 06:00:23;23.14;751.67;44.9;
2022-06-01 06:01:23;23.1;751.66;44.98;
2022-06-01 06:02:23;23.12;751.68;45.05;
2022-06-01 06:03:23;23.12;751.69;45.05;
2022-06-01 06:04:23;23.09;751.7;45.07;
2022-06-01 06:05:23;23.12;751.72;45.01;
2022-06-01 06:06:23;23.1;751.73;44.96;
2022-06-01 06:07:23;23.08;751.75;45.05;
2022-06-01 06:08:23;23.11;751.73;44.95;
2022-06-01 06:09:23;23.16;751.73;44.86;
2022-06-01 06:10:23;23.17;751.71;44.77;
2022-06-01 06:11:23;23.13;751.7;44.89;
2022-06-01 06:12:23;23.15;751.7;44.8;
2022-06-01 06:13:23;23.13;751.7;44.84;
2022-06-01 06:14:23;23.17;751.73;44.78;
2022-06-01 06:15:23;23.16;751.72;44.73;
2022-06-01 06:16:23;23.13;751.67;44.72;
2022-06-01 06:17:23;23.16;751.68;44.65;
2022-06-01 06:18:23;23.15;751.71;44.63;
2022-06-01 06:19:23;23.14;751.7;44.66;
2022-06-01 06:20:23;23.17;751.72;44.57;
2022-06-01 06:21:23;23.16;751.71;44.57;
2022-06-01 06:22:23;23.15;751.71;44.62;
2022-06-01 06:23:23;23.16;751.71;44.59;
2022-06-01 06:24:23;23.17;751.72;44.54;
2022-06-01 06:25:23;23.17;751.69;44.62;
2022-06-01 06:26:23;23.16;751.71;44.67;
2022-06-01 06:27:23;23.15;751.71;44.64;
2022-06-01 06:28:23;23.14;751.73;44.81;
2022-06-01 06:29:23;23.16;751.72;44.65;
2022-06-01 06:30:23;23.13;751.71;44.8;
2022-06-01 06:31:23;23.16;751.7;44.73;
2022-06-01 06:32:23;23.15;751.71;44.65;
2022-06-01 06:33:23;23.18;751.7;44.56;
2022-06-01 06:34:23;23.16;751.73;44.71;
2022-06-01 06:35:23;23.18;751.73;44.62;
2022-06-01 06:36:23;23.17;751.76;44.7;
2022-06-01 06:37:23;23.16;751.74;44.74;
2022-06-01 06:38:23;23.18;751.74;44.5;
2022-06-01 06:39:23;23.17;751.74;44.63;
2022-06-01 06:40:23;23.16;751.77;44.66;
2022-06-01 06:41:24;23.17;751.75;44.56;
2022-06-01 06:42:23;23.19;751.76;44.63;
2022-06-01 06:43:23;23.18;751.74;44.63;
2022-06-01 06:44:23;23.18;751.74;44.56;
2022-06-01 06:45:23;23.18;751.75;44.65;
2022-06-01 06:46:23;23.19;751.73;44.61;
2022-06-01 06:47:23;23.18;751.73;44.67;
2022-06-01 06:48:23;23.19;751.75;44.77;
2022-06-01 06:49:23;23.16;751.72;44.75;
2022-06-01 06:50:24;23.16;751.72;44.83;
2022-06-01 06:51:23;23.17;751.77;44.71;
2022-06-01 06:52:23;23.16;751.72;44.88;
2022-06-01 06:53:23;23.18;751.74;44.78;
2022-06-01 06:54:23;23.19;751.73;44.76;
2022-06-01 06:55:23;23.18;751.71;44.73;
2022-06-01 06:56:23;23.16;751.71;44.73;
2022-06-01 06:57:23;23.16;751.71;44.73;
2022-06-01 06:58:23;23.15;751.7;44.85;
2022-06-01 06:59:23;23.15;751.69;44.86;
2022-06-01 07:00:23;23.16;751.66;44.83;
2022-06-01 07:01:23;23.15;751.64;44.96;
2022-06-01 07:02:23;23.17;751.65;44.76;
2022-06-01 07:03:23;23.2;751.67;44.75;
2022-06-01 07:04:23;23.18;751.7;44.8;
2022-06-01 07:05:23;23.19;751.71;44.68;
2022-06-01 07:06:23;23.18;751.68;44.72;
2022-06-01 07:07:23;23.2;751.68;44.64;
2022-06-01 07:08:23;23.22;751.7;44.55;
2022-06-01 07:09:23;23.21;751.71;44.52;
2022-06-01 07:10:23;23.21;751.68;44.54;
2022-06-01 07:11:23;23.21;751.68;44.51;
2022-06-01 07:12:23;23.22;751.69;44.49;
2022-06-01 07:13:23;23.23;751.69;44.42;
2022-06-01 07:14:23;23.22;751.7;44.47;
2022-06-01 07:15:23;23.24;751.67;44.48;
2022-06-01 07:16:23;23.23;751.7;44.59;
2022-06-01 07:17:23;23.22;751.69;44.59;
2022-06-01 07:18:23;23.22;751.66;44.65;
2022-06-01 07:19:23;23.22;751.68;44.63;
2022-06-01 07:20:23;23.23;751.68;44.57;
2022-06-01 07:21:23;23.22;751.66;44.54;
2022-06-01 07:22:23;23.23;751.64;44.57;
2022-06-01 07:23:23;23.23;751.66;44.48;
2022-06-01 07:24:23;23.21;751.65;44.58;
2022-06-01 07:25:23;23.22;751.67;44.6;
2022-06-01 07:26:23;23.24;751.65;44.52;
2022-06-01 07:27:23;23.24;751.64;44.49;
2022-06-01 07:28:23;23.23;751.67;44.52;
2022-06-01 07:29:23;23.25;751.67;44.36;
2022-06-01 07:30:23;23.28;751.66;44.3;
2022-06-01 07:31:23;23.27;751.65;44.36;
2022-06-01 07:32:23;23.28;751.64;44.29;
2022-06-01 07:33:23;23.27;751.63;44.29;
2022-06-01 07:34:23;23.29;751.63;44.24;
2022-06-01 07:35:23;23.28;751.62;44.2;
2022-06-01 07:36:23;23.28;751.62;44.23;
2022-06-01 07:37:23;23.26;751.63;44.38;
2022-06-01 07:38:23;23.25;751.63;44.43;
2022-06-01 07:39:23;23.25;751.65;44.49;
2022-06-01 07:40:23;23.25;751.67;44.56;
2022-06-01 07:41:24;23.22;751.67;44.6;
2022-06-01 07:42:23;23.22;751.69;44.58;
2022-06-01 07:43:23;23.22;751.64;44.58;
2022-06-01 07:44:23;23.22;751.66;44.55;
2022-06-01 07:45:23;23.24;751.71;44.46;
2022-06-01 07:46:23;23.23;751.7;44.46;
2022-06-01 07:47:23;23.24;751.75;44.36;
2022-06-01 07:48:23;23.26;751.74;44.42;
2022-06-01 07:49:23;23.26;751.74;44.33;
2022-06-01 07:50:23;23.27;751.77;44.31;
2022-06-01 07:51:23;23.27;751.74;44.29;
2022-06-01 07:52:23;23.28;751.75;44.3;
2022-06-01 07:53:23;23.28;751.76;44.25;
2022-06-01 07:54:23;23.3;751.75;44.11;
2022-06-01 07:55:23;23.31;751.82;44.17;
2022-06-01 07:56:23;23.3;751.78;44.13;
2022-06-01 07:57:23;23.29;751.78;44.04;
2022-06-01 07:58:23;23.31;751.76;44.11;
2022-06-01 07:59:23;23.31;751.79;44.13;
2022-06-01 08:00:23;23.31;751.82;44.15;
2022-06-01 08:01:23;23.33;751.8;44.06;
2022-06-01 08:02:23;23.29;751.82;44.16;
2022-06-01 08:03:23;23.3;751.81;44.1;
2022-06-01 08:04:23;23.3;751.81;44.08;
2022-06-01 08:05:23;23.3;751.8;44.16;
2022-06-01 08:06:23;23.29;751.79;44.24;
2022-06-01 08:07:23;23.31;751.81;44.14;
2022-06-01 08:08:23;23.3;751.81;44.15;
2022-06-01 08:09:23;23.3;751.78;44.17;
2022-06-01 08:10:23;23.31;751.79;44.04;
2022-06-01 08:11:23;23.32;751.82;44.32;
2022-06-01 08:12:23;23.36;751.8;44.19;
2022-06-01 08:13:24;23.35;751.79;44.51;
2022-06-01 08:14:23;23.36;751.77;44.53;
2022-06-01 08:15:23;23.32;751.81;44.66;
2022-06-01 08:16:23;23.34;751.81;44.51;
2022-06-01 08:17:23;23.33;751.77;44.61;
2022-06-01 08:18:24;23.36;751.76;44.56;
2022-06-01 08:19:23;23.38;751.77;44.51;
2022-06-01 08:20:23;23.34;751.75;44.57;
2022-06-01 08:21:23;23.38;751.72;44.42;
2022-06-01 08:22:23;23.38;751.74;44.34;
2022-06-01 08:23:23;23.38;751.74;43.96;
2022-06-01 08:24:23;23.41;751.74;44.03;
2022-06-01 08:25:23;23.42;751.76;44.15;
2022-06-01 08:26:24;23.35;751.77;43.96;
2022-06-01 08:27:23;23.38;751.78;43.97;
2022-06-01 08:28:23;23.4;751.74;43.98;
2022-06-01 08:29:23;23.4;751.77;43.95;
2022-06-01 08:30:23;23.4;751.76;44.02;
2022-06-01 08:31:23;23.41;751.71;43.92;
2022-06-01 08:32:23;23.45;751.75;43.88;
2022-06-01 08:33:23;23.45;751.72;43.89;
2022-06-01 08:34:23;23.45;751.7;43.9;
2022-06-01 08:35:23;23.45;751.71;43.84;
2022-06-01 08:36:23;23.46;751.7;43.85;
2022-06-01 08:37:23;23.48;751.73;43.8;
2022-06-01 08:38:23;23.47;751.75;43.8;
2022-06-01 08:39:23;23.49;751.72;43.62;
2022-06-01 08:40:23;23.48;751.75;43.67;
2022-06-01 08:41:23;23.48;751.72;43.62;
2022-06-01 08:42:23;23.48;751.7;43.61;
2022-06-01 08:43:23;23.49;751.68;43.62;
2022-06-01 08:44:23;23.49;751.68;43.59;
2022-06-01 08:45:23;23.5;751.67;43.54;
2022-06-01 08:46:23;23.52;751.66;43.52;
2022-06-01 08:47:23;23.52;751.66;43.49;
2022-06-01 08:48:23;23.51;751.63;43.5;
2022-06-01 08:49:23;23.52;751.63;43.35;
2022-06-01 08:50:23;23.51;751.63;43.38;
2022-06-01 08:51:23;23.5;751.63;43.42;
2022-06-01 08:52:23;23.51;751.61;43.47;
2022-06-01 08:53:23;23.48;751.61;43.55;
2022-06-01 08:54:23;23.49;751.62;43.53;
2022-06-01 08:55:23;23.48;751.59;43.51;
2022-06-01 08:56:23;23.51;751.61;43.44;
2022-06-01 08:57:23;23.51;751.63;43.5;
2022-06-01 08:58:23;23.49;751.6;43.36;
2022-06-01 08:59:23;23.5;751.58;43.39;
2022-06-01 09:00:23;23.51;751.62;43.35;
2022-06-01 09:01:23;23.49;751.6;43.46;
2022-06-01 09:02:23;23.5;751.6;43.45;
2022-06-01 09:03:23;23.49;751.58;43.38;
2022-06-01 09:04:23;23.49;751.58;43.38;
2022-06-01 09:05:23;23.51;751.56;43.35;
2022-06-01 09:06:23;23.5;751.55;43.38;
2022-06-01 09:07:23;23.51;751.56;43.41;
2022-06-01 09:08:23;23.5;751.51;43.37;
2022-06-01 09:09:24;23.49;751.51;43.38;
2022-06-01 09:10:23;23.51;751.52;43.41;
2022-06-01 09:11:23;23.53;751.54;43.36;
2022-06-01 09:12:23;23.52;751.53;43.33;
2022-06-01 09:13:23;23.53;751.57;43.26;
2022-06-01 09:14:23;23.51;751.52;43.29;
2022-06-01 09:15:23;23.51;751.51;43.25;
2022-06-01 09:16:23;23.48;751.52;43.29;
2022-06-01 09:17:23;23.48;751.52;43.28;
2022-06-01 09:18:25;23.47;751.5;43.19;
2022-06-01 09:19:23;23.5;751.51;43.16;
2022-06-01 09:20:23;23.52;751.48;43.13;
2022-06-01 09:21:23;23.52;751.48;43.07;
2022-06-01 09:22:23;23.53;751.5;43.1;
2022-06-01 09:23:23;23.54;751.48;43.09;
2022-06-01 09:24:23;23.53;751.49;43.06;
2022-06-01 09:25:23;23.53;751.48;43.06;
2022-06-01 09:26:23;23.53;751.48;43.11;
2022-06-01 09:27:23;23.53;751.46;43.17;
2022-06-01 09:28:23;23.56;751.48;43.14;
2022-06-01 09:29:23;23.55;751.48;43.28;
2022-06-01 09:30:23;23.56;751.47;43.01;
2022-06-01 09:32:23;23.6;751.47;42.93;
2022-06-01 09:33:39;23.62;751.46;42.82;
2022-06-01 09:40:27;23.69;751.44;42.57;
2022-06-01 09:45:24;23.72;751.41;42.45;
2022-06-01 09:47:29;23.48;751.39;43;
2022-06-01 09:48:26;23.49;751.38;43;
2022-06-01 09:49:23;23.52;751.4;43.02;
2022-06-01 09:50:23;23.55;751.41;43.03;
2022-06-01 09:51:23;23.66;751.44;42.81;
2022-06-01 09:52:23;23.77;751.42;42.65;
2022-06-01 09:53:23;23.92;751.41;42.43;
2022-06-01 09:54:23;24.07;751.42;41.97;
2022-06-01 09:55:23;24.17;751.43;41.74;
2022-06-01 09:56:23;24.26;751.41;41.59;
2022-06-01 09:57:23;24.4;751.42;41.18;
2022-06-01 09:58:24;24.48;751.4;41.02;
2022-06-01 09:59:26;24.59;751.39;40.88;
2022-06-01 10:00:31;24.71;751.41;40.46;
2022-06-01 10:01:23;24.83;751.4;40.33;
2022-06-01 10:02:23;24.94;751.39;40.1;
2022-06-01 10:03:23;25;751.38;39.8;
2022-06-01 10:04:24;25.06;751.37;39.64;
2022-06-01 10:05:23;25.11;751.38;39.37;
2022-06-01 10:06:23;25.19;751.34;39.11;
2022-06-01 10:08:26;25.3;751.33;38.8;
2022-06-01 10:09:31;25.32;751.32;38.7;
2022-06-01 10:11:29;25.49;751.28;38.34;
2022-06-01 10:12:23;25.54;751.33;38.35;
2022-06-01 10:13:23;25.6;751.33;38.22;
2022-06-01 10:14:24;25.66;751.32;37.94;
2022-06-01 10:15:23;25.68;751.33;37.87;
2022-06-01 10:16:24;25.76;751.32;37.55;
2022-06-01 10:17:23;25.8;751.33;37.28;
2022-06-01 10:18:23;25.83;751.34;37.28;
2022-06-01 10:19:24;25.88;751.3;37.06;
2022-06-01 10:20:23;25.9;751.32;36.94;
2022-06-01 10:21:24;25.93;751.32;36.94;
2022-06-01 10:22:26;25.98;751.34;36.84;
2022-06-01 10:23:23;25.98;751.31;36.86;
2022-06-01 10:24:23;26.01;751.32;36.9;
2022-06-01 10:25:23;26.04;751.35;36.9;
2022-06-01 10:26:23;26.11;751.31;36.78;
2022-06-01 10:27:23;26.15;751.31;36.42;
2022-06-01 10:28:23;26.19;751.31;36.5;
2022-06-01 10:29:23;26.24;751.35;36.2;
2022-06-01 10:30:23;26.24;751.32;35.89;
2022-06-01 10:31:23;26.28;751.32;35.77;
2022-06-01 10:32:23;26.36;751.3;35.94;
2022-06-01 10:33:23;26.38;751.29;35.55;
2022-06-01 10:34:23;26.41;751.31;35.4;
2022-06-01 10:35:23;26.42;751.32;35.39;
2022-06-01 10:36:23;26.44;751.29;35.29;
2022-06-01 10:37:23;26.45;751.3;35.22;
2022-06-01 10:38:23;26.47;751.29;35.43;
2022-06-01 10:39:24;26.48;751.34;35.21;
2022-06-01 10:40:23;26.49;751.31;35.09;
2022-06-01 10:41:23;26.57;751.32;34.84;
2022-06-01 10:42:23;26.55;751.32;35.08;
2022-06-01 10:43:23;26.61;751.33;35.34;
2022-06-01 10:44:23;26.58;751.29;35.17;
2022-06-01 10:45:23;26.64;751.29;35.07;
2022-06-01 10:46:23;26.67;751.29;35.04;
2022-06-01 10:47:23;26.74;751.34;34.99;
2022-06-01 10:48:23;26.72;751.32;34.97;
2022-06-01 10:49:23;26.72;751.31;34.54;
2022-06-01 10:50:23;26.75;751.31;34.51;
2022-06-01 10:51:23;26.73;751.32;34.44;
2022-06-01 10:52:23;26.82;751.29;34.14;
2022-06-01 10:53:23;26.83;751.33;34.16;
2022-06-01 10:54:23;26.87;751.34;34.13;
2022-06-01 10:55:23;26.87;751.27;34.14;
2022-06-01 10:56:23;26.9;751.28;34.12;
2022-06-01 10:57:23;26.92;751.29;34.16;
2022-06-01 10:58:23;26.89;751.3;34.37;
2022-06-01 10:59:26;26.92;751.32;34.37;
2022-06-01 11:00:23;26.96;751.31;34.27;
2022-06-01 11:01:25;26.97;751.31;34.28;
2022-06-01 11:02:23;26.98;751.3;34.28;
2022-06-01 11:03:24;27.02;751.29;34.35;
2022-06-01 11:04:23;27;751.28;34.4;
2022-06-01 11:05:23;27.01;751.29;34.49;
2022-06-01 11:06:23;27.05;751.29;34.33;
2022-06-01 11:07:23;27.1;751.29;34.38;
2022-06-01 11:08:23;27.15;751.33;34.44;
2022-06-01 11:09:23;27.13;751.32;34.4;
2022-06-01 11:10:23;27.13;751.29;34.4;
2022-06-01 11:11:23;27.15;751.31;34.22;
2022-06-01 11:12:23;27.16;751.31;34.14;
2022-06-01 11:13:23;27.18;751.27;33.98;
2022-06-01 11:14:23;27.24;751.31;33.78;
2022-06-01 11:15:23;27.24;751.31;33.88;
2022-06-01 11:16:23;27.25;751.3;33.89;
2022-06-01 11:17:26;27.27;751.31;33.84;
2022-06-01 11:18:23;27.28;751.31;33.79;
2022-06-01 11:19:23;27.31;751.33;33.75;
2022-06-01 11:20:23;27.32;751.33;33.79;
2022-06-01 11:21:23;27.3;751.35;33.84;
2022-06-01 11:22:23;27.32;751.35;33.94;
2022-06-01 11:23:23;27.31;751.37;33.97;
2022-06-01 11:24:23;27.36;751.35;33.87;
2022-06-01 11:25:23;27.33;751.32;34.07;
2022-06-01 11:26:23;27.38;751.31;34.08;
2022-06-01 11:27:23;27.38;751.33;34.16;
2022-06-01 11:28:23;27.35;751.33;34.19;
2022-06-01 11:29:23;27.38;751.32;34.12;
2022-06-01 11:30:23;27.41;751.32;34.1;
2022-06-01 11:31:23;27.4;751.34;34.18;
2022-06-01 11:32:24;27.41;751.33;34.15;
2022-06-01 11:33:23;27.42;751.33;34.22;
2022-06-01 11:34:23;27.45;751.35;34.17;
2022-06-01 11:35:23;27.4;751.31;34.3;
2022-06-01 11:36:23;27.45;751.36;34.23;
2022-06-01 11:37:23;27.41;751.33;34.43;
2022-06-01 11:38:23;27.47;751.33;34.52;
2022-06-01 11:39:23;27.46;751.33;34.61;
2022-06-01 11:40:23;27.5;751.32;34.47;
2022-06-01 11:41:23;27.48;751.34;34.46;
2022-06-01 11:42:23;27.47;751.33;34.46;
2022-06-01 11:43:23;27.52;751.33;34.39;
2022-06-01 11:44:23;27.48;751.33;34.32;
2022-06-01 11:45:23;27.55;751.35;34.24;
2022-06-01 11:46:23;27.51;751.34;34.23;
2022-06-01 11:47:23;27.54;751.33;34.17;
2022-06-01 11:48:23;27.56;751.28;34.11;
2022-06-01 11:49:23;27.52;751.32;34.18;
2022-06-01 11:50:23;27.56;751.3;34.11;
2022-06-01 11:51:23;27.52;751.32;34.15;
2022-06-01 11:52:23;27.57;751.31;34.11;
2022-06-01 11:53:23;27.56;751.33;34.17;
2022-06-01 11:54:23;27.56;751.31;34.16;
2022-06-01 11:55:23;27.57;751.32;34.1;
2022-06-01 11:56:23;27.62;751.28;34.19;
2022-06-01 11:57:23;27.61;751.31;34.23;
2022-06-01 11:58:23;27.63;751.32;34.25;
2022-06-01 11:59:23;27.66;751.31;34.35;
2022-06-01 12:00:23;27.66;751.35;34.39;
2022-06-01 12:01:26;27.66;751.34;34.41;
2022-06-01 12:02:24;27.67;751.29;34.44;
2022-06-01 12:03:26;27.7;751.3;34.39;
2022-06-01 12:04:26;27.7;751.3;34.58;
2022-06-01 12:05:23;27.68;751.29;34.72;
2022-06-01 12:06:23;27.73;751.31;34.78;
2022-06-01 12:07:23;27.71;751.3;34.87;
2022-06-01 12:08:23;27.73;751.31;34.87;
2022-06-01 12:09:23;27.74;751.3;34.92;
2022-06-01 12:10:23;27.72;751.3;35.02;
2022-06-01 12:11:23;27.78;751.31;34.87;
2022-06-01 12:12:27;27.81;751.3;34.97;
2022-06-01 12:13:23;27.79;751.3;35.03;
2022-06-01 12:14:23;27.81;751.29;35.05;
2022-06-01 12:15:23;27.79;751.29;35.06;
2022-06-01 12:16:29;27.86;751.29;34.76;
2022-06-01 12:17:23;27.85;751.27;34.38;
2022-06-01 12:18:24;27.85;751.33;34.25;
2022-06-01 12:19:31;27.88;751.33;34.17;
2022-06-01 12:20:26;27.89;751.31;34.34;
2022-06-01 12:21:33;27.9;751.29;34.28;
2022-06-01 12:22:26;27.89;751.29;34.43;
2022-06-01 12:23:23;27.93;751.3;34.34;
2022-06-01 12:24:26;27.91;751.3;34.54;
2022-06-01 12:25:34;27.92;751.32;34.61;
2022-06-01 12:27:23;27.95;751.29;34.67;
2022-06-01 12:28:44;27.97;751.28;34.81;
2022-06-01 12:30:26;27.99;751.29;34.83;
2022-06-01 12:31:32;28.03;751.3;34.99;
2022-06-01 12:32:23;28.04;751.28;35.07;
2022-06-01 12:33:32;28.07;751.28;35.13;
2022-06-01 12:34:23;28.04;751.25;35.24;
2022-06-01 12:40:24;27.22;751.3;37.69;
2022-06-01 12:41:23;27.14;751.29;37.99;
2022-06-01 12:42:34;27.11;751.28;38.07;
2022-06-01 12:43:26;27.13;751.29;38.1;
2022-06-01 12:44:41;27.07;751.29;38.38;
2022-06-01 12:46:26;26.91;751.28;38.76;
2022-06-01 12:48:23;26.88;751.27;39.37;
2022-06-01 12:51:23;26.74;751.25;39.35;
2022-06-01 12:53:35;26.72;751.32;39.56;
2022-06-01 12:54:32;26.7;751.3;39.83;
2022-06-01 12:56:23;26.61;751.32;39.42;
2022-06-01 12:57:24;26.59;751.31;40.18;
2022-06-01 12:58:31;26.58;751.31;40.34;
2022-06-01 12:59:26;26.53;751.3;40.11;
2022-06-01 13:01:23;26.52;751.28;40.25;
2022-06-01 13:02:26;26.51;751.3;40.57;
2022-06-01 13:03:23;26.48;751.3;40.18;
2022-06-01 13:04:52;26.46;751.29;40.68;
2022-06-01 13:06:23;26.44;751.27;40.81;
2022-06-01 13:07:24;26.39;751.27;40.74;
2022-06-01 13:08:32;26.36;751.29;40.73;
2022-06-01 13:09:24;26.38;751.29;40.9;
2022-06-01 13:10:23;26.36;751.24;40.91;
2022-06-01 13:11:32;26.3;751.27;40.92;
2022-06-01 13:12:23;26.3;751.27;41;
2022-06-01 13:13:33;26.29;751.29;41.3;
2022-06-01 13:14:23;26.28;751.31;41.23;
2022-06-01 13:16:23;26.27;751.29;40.88;
2022-06-01 13:17:29;26.32;751.26;40.88;
2022-06-01 13:18:42;26.49;751.28;40.71;
2022-06-01 13:19:23;26.56;751.27;40.51;
2022-06-01 13:20:26;26.65;751.27;40.29;
2022-06-01 13:21:26;26.74;751.22;40.07;
2022-06-01 13:22:23;26.92;751.21;40.01;
2022-06-01 13:23:23;26.99;751.19;39.82;
2022-06-01 13:24:23;27.04;751.21;39.54;
2022-06-01 13:25:23;27.1;751.25;39.53;
2022-06-01 13:26:26;27.18;751.28;39.32;
2022-06-01 13:27:23;27.21;751.3;39.33;
2022-06-01 13:28:31;27.28;751.28;38.97;
2022-06-01 13:29:24;27.36;751.24;38.93;
2022-06-01 13:30:23;27.41;751.23;38.81;
2022-06-01 13:32:44;27.53;751.28;38.66;
2022-06-01 13:33:34;27.6;751.22;38.46;
2022-06-01 13:35:26;27.63;751.23;38.41;
2022-06-01 13:36:26;27.7;751.25;38.22;
2022-06-01 13:38:34;27.78;751.2;38.13;
2022-06-01 13:39:23;27.8;751.22;38.07;
2022-06-01 13:41:26;27.86;751.21;37.89;
2022-06-01 13:42:26;27.88;751.23;37.82;
2022-06-01 13:43:26;27.96;751.23;37.54;
2022-06-01 13:44:23;28.01;751.24;37.46;
2022-06-01 13:47:26;28.1;751.24;37.27;
2022-06-01 13:48:26;28.13;751.25;37.21;
2022-06-01 13:49:44;28.21;751.19;37.02;
2022-06-01 13:50:31;28.24;751.17;37;
2022-06-01 13:51:23;28.21;751.17;36.99;
2022-06-01 13:52:29;28.26;751.16;37;
2022-06-01 13:53:23;28.25;751.18;36.98;
2022-06-01 13:54:23;28.3;751.16;36.82;
2022-06-01 13:55:44;28.3;751.15;36.81;
2022-06-01 13:56:26;28.37;751.19;36.67;
2022-06-01 13:57:26;28.32;751.2;36.79;
2022-06-01 13:58:31;28.34;751.19;36.66;
2022-06-01 13:59:26;28.37;751.19;36.56;
2022-06-01 14:00:23;28.33;751.23;36.64;
2022-06-01 14:01:24;28.36;751.21;36.72;
2022-06-01 14:02:26;28.32;751.25;36.66;
2022-06-01 14:03:23;28.39;751.22;36.43;
2022-06-01 14:04:23;28.37;751.27;36.58;
2022-06-01 14:05:32;28.37;751.24;36.57;
2022-06-01 14:09:23;28.28;751.23;36.64;
2022-06-01 14:10:32;28.32;751.24;36.62;
2022-06-01 14:11:23;28.29;751.22;36.61;
2022-06-01 14:13:32;28.34;751.22;36.53;
2022-06-01 14:15:29;28.31;751.2;36.54;
2022-06-01 14:16:24;28.3;751.26;36.46;
2022-06-01 14:17:32;28.33;751.2;36.54;
2022-06-01 14:19:42;28.36;751.23;36.66;
2022-06-01 14:20:26;28.35;751.2;36.63;
2022-06-01 14:23:31;28.37;751.25;36.6;
2022-06-01 14:24:23;28.35;751.25;36.68;
2022-06-01 14:26:31;28.34;751.21;36.69;
2022-06-01 14:28:26;28.38;751.23;36.56;
2022-06-01 14:29:27;28.4;751.21;36.55;
2022-06-01 14:31:23;28.42;751.26;36.6;
2022-06-01 14:32:32;28.48;751.27;36.39;
2022-06-01 14:33:23;28.41;751.29;36.86;
2022-06-01 14:34:23;28.42;751.26;36.86;
2022-06-01 14:35:23;28.37;751.27;36.99;
2022-06-01 14:36:24;28.42;751.24;36.78;
2022-06-01 14:37:32;28.42;751.3;37;
2022-06-01 14:38:23;28.43;751.34;36.75;
2022-06-01 14:39:23;28.49;751.31;36.64;
2022-06-01 14:40:23;28.45;751.35;36.71;
2022-06-01 14:41:23;28.46;751.33;36.78;
2022-06-01 14:42:23;28.42;751.29;36.82;
2022-06-01 14:43:23;28.45;751.31;36.83;
2022-06-01 14:44:23;28.44;751.32;36.8;
2022-06-01 14:45:23;28.44;751.33;36.87;
2022-06-01 14:46:23;28.43;751.25;36.78;
2022-06-01 14:47:23;28.44;751.25;36.73;
2022-06-01 14:48:23;28.46;751.24;36.84;
2022-06-01 14:49:26;28.45;751.29;36.84;
2022-06-01 14:50:24;28.52;751.24;36.62;
2022-06-01 14:51:26;28.47;751.28;36.69;
2022-06-01 14:52:23;28.44;751.27;36.66;
2022-06-01 14:53:23;28.46;751.29;36.68;
2022-06-01 14:54:23;28.47;751.3;36.78;
2022-06-01 14:55:23;28.44;751.27;36.77;
2022-06-01 14:56:24;28.47;751.29;36.46;
2022-06-01 14:58:26;28.47;751.28;36.47;
2022-06-01 14:59:23;28.49;751.28;36.64;
2022-06-01 15:00:23;28.5;751.3;36.61;
2022-06-01 15:01:23;28.49;751.33;36.67;
2022-06-01 15:02:23;28.55;751.36;36.58;
2022-06-01 15:03:23;28.52;751.33;36.62;
2022-06-01 15:04:23;28.52;751.35;36.6;
2022-06-01 15:05:23;28.51;751.37;36.56;
2022-06-01 15:06:23;28.55;751.39;36.46;
2022-06-01 15:07:23;28.54;751.36;36.5;
2022-06-01 15:08:23;28.61;751.48;36.18;
2022-06-01 15:09:23;28.58;751.41;36.28;
2022-06-01 15:10:23;28.51;751.39;36.46;
2022-06-01 15:11:23;28.57;751.4;36.35;
2022-06-01 15:12:23;28.55;751.4;36.44;
2022-06-01 15:13:23;28.55;751.46;36.33;
2022-06-01 15:14:23;28.55;751.44;36.34;
2022-06-01 15:15:23;28.52;751.46;36.45;
2022-06-01 15:16:23;28.51;751.49;36.44;
2022-06-01 15:17:23;28.56;751.45;36.33;
2022-06-01 15:18:23;28.52;751.49;36.38;
2022-06-01 15:19:26;28.49;751.48;36.42;
2022-06-01 15:20:23;28.5;751.5;36.38;
2022-06-01 15:21:23;28.5;751.48;36.29;
2022-06-01 15:22:23;28.48;751.47;36.26;
2022-06-01 15:23:24;28.49;751.58;36.3;
2022-06-01 15:24:23;28.51;751.49;36.39;
2022-06-01 15:25:24;28.49;751.43;36.35;
2022-06-01 15:26:23;28.47;751.52;36.34;
2022-06-01 15:27:23;28.45;751.57;36.35;
2022-06-01 15:28:23;28.44;751.5;36.21;
2022-06-01 15:29:26;28.45;751.41;36.24;
2022-06-01 15:30:23;28.45;751.51;36.17;
2022-06-01 15:31:23;28.45;751.54;36.15;
2022-06-01 15:32:23;28.45;751.53;35.97;
2022-06-01 15:33:23;28.4;751.52;36.13;
2022-06-01 15:34:24;28.37;751.54;36.08;
2022-06-01 15:35:23;28.45;751.56;35.94;
2022-06-01 15:36:23;28.43;751.55;35.92;
2022-06-01 15:37:26;28.46;751.53;36;
2022-06-01 15:38:23;28.47;751.57;35.9;
2022-06-01 15:39:23;28.43;751.57;35.98;
2022-06-01 15:40:23;28.47;751.58;35.92;
2022-06-01 15:41:23;28.45;751.59;35.88;
2022-06-01 15:42:23;28.42;751.57;35.91;
2022-06-01 15:43:26;28.45;751.6;35.83;
2022-06-01 15:44:23;28.42;751.56;35.9;
2022-06-01 15:45:23;28.47;751.54;35.77;
2022-06-01 15:46:23;28.49;751.54;35.8;
2022-06-01 15:47:23;28.48;751.52;35.81;
2022-06-01 15:48:23;28.46;751.53;35.84;
2022-06-01 15:49:24;28.43;751.57;35.77;
2022-06-01 15:50:23;28.44;751.55;35.88;
2022-06-01 15:51:23;28.44;751.52;35.93;
2022-06-01 15:52:23;28.43;751.58;35.96;
2022-06-01 15:53:23;28.45;751.57;35.98;
2022-06-01 15:54:23;28.41;751.58;35.99;
2022-06-01 15:55:23;28.42;751.57;35.97;
2022-06-01 15:56:23;28.4;751.56;36.03;
2022-06-01 15:57:23;28.42;751.59;36;
2022-06-01 15:58:23;28.38;751.58;35.9;
2022-06-01 15:59:24;28.4;751.6;35.91;
2022-06-01 16:00:23;28.39;751.59;35.93;
2022-06-01 16:01:23;28.4;751.57;35.87;
2022-06-01 16:02:26;28.4;751.61;35.86;
2022-06-01 16:03:23;28.39;751.63;35.89;
2022-06-01 16:04:23;28.4;751.63;35.68;
2022-06-01 16:05:23;28.42;751.61;35.95;
2022-06-01 16:06:24;28.4;751.62;35.91;
2022-06-01 16:07:24;28.37;751.6;35.82;
2022-06-01 16:08:23;28.37;751.62;35.92;
2022-06-01 16:09:24;28.38;751.63;35.88;
2022-06-01 16:10:23;28.35;751.64;35.87;
2022-06-01 16:11:23;28.34;751.64;35.88;
2022-06-01 16:12:23;28.36;751.64;35.8;
2022-06-01 16:13:23;28.36;751.65;35.76;
2022-06-01 16:14:24;28.36;751.66;35.81;
2022-06-01 16:15:23;28.38;751.68;35.83;
2022-06-01 16:16:23;28.38;751.69;35.81;
2022-06-01 16:17:23;28.38;751.69;35.76;
2022-06-01 16:18:23;28.35;751.68;35.89;
2022-06-01 16:19:23;28.36;751.7;35.74;
2022-06-01 16:20:23;28.35;751.68;35.68;
2022-06-01 16:21:23;28.38;751.71;35.67;
2022-06-01 16:22:24;28.34;751.7;35.6;
2022-06-01 16:23:23;28.35;751.71;35.61;
2022-06-01 16:24:23;28.33;751.72;35.75;
2022-06-01 16:25:23;28.38;751.71;35.65;
2022-06-01 16:26:23;28.33;751.73;35.77;
2022-06-01 16:27:23;28.32;751.71;35.82;
2022-06-01 16:28:23;28.34;751.72;35.63;
2022-06-01 16:29:23;28.34;751.71;35.6;
2022-06-01 16:30:23;28.36;751.71;35.47;
2022-06-01 16:31:23;28.37;751.72;35.61;
2022-06-01 16:32:23;28.4;751.73;35.75;
2022-06-01 16:33:23;28.36;751.72;35.73;
2022-06-01 16:34:24;28.34;751.72;35.83;
2022-06-01 16:35:23;28.37;751.69;35.74;
2022-06-01 16:36:23;28.34;751.7;35.7;
2022-06-01 16:37:23;28.35;751.69;35.63;
2022-06-01 16:38:23;28.36;751.69;35.67;
2022-06-01 16:39:23;28.39;751.68;35.46;
2022-06-01 16:40:23;28.39;751.68;35.55;
2022-06-01 16:41:23;28.38;751.65;35.51;
2022-06-01 16:42:23;28.36;751.67;35.48;
2022-06-01 16:43:23;28.35;751.65;35.62;
2022-06-01 16:44:23;28.37;751.62;35.55;
2022-06-01 16:45:23;28.35;751.61;35.64;
2022-06-01 16:46:24;28.35;751.6;35.45;
2022-06-01 16:47:23;28.36;751.56;35.53;
2022-06-01 16:48:23;28.36;751.56;35.32;
2022-06-01 16:49:23;28.37;751.55;35.48;
2022-06-01 16:50:23;28.37;751.55;35.59;
2022-06-01 16:51:23;28.39;751.56;35.49;
2022-06-01 16:52:23;28.37;751.53;35.66;
2022-06-01 16:53:23;28.36;751.54;35.48;
2022-06-01 16:54:23;28.35;751.55;35.59;
2022-06-01 16:55:23;28.35;751.57;35.59;
2022-06-01 16:56:23;28.36;751.56;35.68;
2022-06-01 16:57:23;28.39;751.53;35.55;
2022-06-01 16:58:23;28.38;751.52;35.43;
2022-06-01 16:59:23;28.42;751.55;35.36;
2022-06-01 17:00:23;28.42;751.55;35.45;
2022-06-01 17:01:24;28.45;751.56;35.48;
2022-06-01 17:02:23;28.41;751.56;35.57;
2022-06-01 17:03:23;28.43;751.57;35.57;
2022-06-01 17:04:23;28.44;751.56;35.51;
2022-06-01 17:05:23;28.44;751.55;35.5;
2022-06-01 17:06:23;28.39;751.56;35.65;
2022-06-01 17:07:24;28.4;751.58;35.67;
2022-06-01 17:08:23;28.42;751.57;35.63;
2022-06-01 17:09:23;28.4;751.56;35.61;
2022-06-01 17:10:23;28.43;751.59;35.6;
2022-06-01 17:11:23;28.41;751.59;35.57;
2022-06-01 17:12:23;28.39;751.52;35.63;
2022-06-01 17:13:23;28.41;751.53;35.59;
2022-06-01 17:14:23;28.4;751.47;35.63;
2022-06-01 17:15:23;28.4;751.55;35.56;
2022-06-01 17:16:23;28.38;751.53;35.6;
2022-06-01 17:17:23;28.35;751.48;35.73;
2022-06-01 17:18:23;28.39;751.45;35.68;
2022-06-01 17:19:23;28.39;751.5;35.64;
2022-06-01 17:20:23;28.38;751.49;35.65;
2022-06-01 17:21:24;28.37;751.47;35.63;
2022-06-01 17:22:23;28.39;751.49;35.65;
2022-06-01 17:23:23;28.37;751.49;35.6;
2022-06-01 17:24:23;28.41;751.46;35.57;
2022-06-01 17:25:23;28.37;751.48;35.64;
2022-06-01 17:26:23;28.38;751.47;35.67;
2022-06-01 17:27:23;28.36;751.5;35.61;
2022-06-01 17:28:23;28.34;751.5;35.64;
2022-06-01 17:29:23;28.37;751.49;35.51;
2022-06-01 17:30:23;28.38;751.49;35.51;
2022-06-01 17:31:23;27.83;751.49;36.56;
2022-06-01 17:32:23;27.55;751.48;37.22;
2022-06-01 17:33:23;27.41;751.5;37.6;
2022-06-01 17:34:23;27.32;751.55;37.52;
2022-06-01 17:35:23;27.29;751.54;37.75;
2022-06-01 17:36:23;27.21;751.5;37.9;
2022-06-01 17:37:23;27.05;751.52;38.36;
2022-06-01 17:38:23;27.01;751.51;38.35;
2022-06-01 17:39:23;27.04;751.55;38.32;
2022-06-01 17:40:23;27.01;751.53;38.28;
2022-06-01 17:41:23;26.93;751.55;38.59;
2022-06-01 17:42:23;27.24;751.52;38.01;
2022-06-01 17:43:24;27.41;751.53;37.7;
2022-06-01 17:44:23;27.49;751.5;37.62;
2022-06-01 17:45:23;27.54;751.52;37.35;
2022-06-01 17:46:23;27.6;751.53;37.31;
2022-06-01 17:47:23;27.67;751.49;37.16;
2022-06-01 17:48:23;27.67;751.49;37.09;
2022-06-01 17:49:23;27.73;751.47;36.92;
2022-06-01 17:50:23;27.8;751.5;36.74;
2022-06-01 17:51:23;27.83;751.44;36.68;
2022-06-01 17:52:23;27.87;751.45;36.58;
2022-06-01 17:53:24;27.93;751.46;36.53;
2022-06-01 17:54:23;27.99;751.42;36.38;
2022-06-01 17:55:23;28.03;751.42;36.37;
2022-06-01 17:56:23;28.06;751.43;36.09;
2022-06-01 17:57:23;28.14;751.45;35.96;
2022-06-01 17:58:24;28.12;751.43;35.88;
2022-06-01 17:59:23;28.14;751.41;36;
2022-06-01 18:00:23;28.17;751.39;35.92;
2022-06-01 18:01:23;28.17;751.39;35.88;
2022-06-01 18:02:23;28.16;751.4;35.95;
2022-06-01 18:03:23;28.18;751.4;35.78;
2022-06-01 18:04:24;28.18;751.41;35.71;
2022-06-01 18:06:34;28.2;751.41;35.62;
2022-06-01 18:07:23;28.21;751.42;35.67;
2022-06-01 18:08:23;28.22;751.42;35.62;
2022-06-01 18:09:23;28.25;751.44;35.6;
2022-06-01 18:10:23;28.23;751.42;35.61;
2022-06-01 18:11:23;28.21;751.42;35.58;
2022-06-01 18:12:23;28.22;751.42;35.5;
2022-06-01 18:13:23;28.21;751.45;35.47;
2022-06-01 18:14:23;28.23;751.46;35.45;
2022-06-01 18:15:23;28.24;751.45;35.44;
2022-06-01 18:16:24;28.23;751.44;35.46;
2022-06-01 18:17:23;28.26;751.43;35.42;
2022-06-01 18:18:23;28.24;751.42;35.39;
2022-06-01 18:19:24;28.24;751.45;35.4;
2022-06-01 18:20:23;28.21;751.45;35.44;
2022-06-01 18:21:24;28.23;751.48;35.4;
2022-06-01 18:22:24;28.22;751.42;35.4;
2022-06-01 18:23:23;28.24;751.43;35.35;
2022-06-01 18:24:23;28.22;751.46;35.38;
2022-06-01 18:25:23;28.2;751.46;35.39;
2022-06-01 18:26:23;28.23;751.43;35.31;
2022-06-01 18:27:23;27.91;751.46;36.02;
2022-06-01 18:28:23;27.53;751.47;36.72;
2022-06-01 18:29:23;27.4;751.46;37.03;
2022-06-01 18:30:23;27.26;751.47;37.19;
2022-06-01 18:31:24;27.19;751.49;37.3;
2022-06-01 18:32:23;27.16;751.47;37.46;
2022-06-01 18:33:23;27.05;751.42;37.59;
2022-06-01 18:34:23;26.95;751.42;37.8;
2022-06-01 18:35:23;26.9;751.44;37.93;
2022-06-01 18:36:23;26.84;751.41;37.99;
2022-06-01 18:37:23;26.76;751.43;38.18;
2022-06-01 18:38:23;26.73;751.42;38.26;
2022-06-01 18:39:23;26.69;751.39;38.36;
2022-06-01 18:40:23;26.63;751.4;38.52;
2022-06-01 18:41:23;26.6;751.39;38.52;
2022-06-01 18:42:23;26.57;751.38;38.58;
2022-06-01 18:43:23;26.49;751.35;38.76;
2022-06-01 18:44:23;26.47;751.39;38.72;
2022-06-01 18:45:23;26.42;751.37;38.87;
2022-06-01 18:46:23;26.43;751.38;38.76;
2022-06-01 18:47:23;26.39;751.37;38.88;
2022-06-01 18:48:23;26.36;751.38;38.99;
2022-06-01 18:49:23;26.34;751.36;39.06;
2022-06-01 18:50:23;26.29;751.35;39.08;
2022-06-01 18:51:24;26.29;751.37;39.09;
2022-06-01 18:52:24;26.26;751.38;39.22;
2022-06-01 18:53:23;26.2;751.36;39.27;
2022-06-01 18:54:23;26.19;751.35;39.32;
2022-06-01 18:55:23;26.16;751.35;39.33;
2022-06-01 18:56:24;26.16;751.37;39.36;
2022-06-01 18:57:23;26.11;751.35;39.43;
2022-06-01 18:58:23;26.13;751.35;39.46;
2022-06-01 18:59:23;26.13;751.34;39.38;
2022-06-01 19:00:24;26.09;751.33;39.38;
2022-06-01 19:01:24;26.08;751.32;39.46;
2022-06-01 19:02:23;26.07;751.32;39.5;
2022-06-01 19:03:24;26.06;751.33;39.54;
2022-06-01 19:04:24;26.04;751.34;39.56;
2022-06-01 19:05:23;26.03;751.32;39.59;
2022-06-01 19:06:23;26.05;751.3;39.41;
2022-06-01 19:07:23;26.01;751.33;39.57;
2022-06-01 19:08:24;25.99;751.34;39.66;
2022-06-01 19:09:23;25.98;751.34;39.67;
2022-06-01 19:10:23;25.96;751.35;39.65;
2022-06-01 19:11:23;25.93;751.34;39.65;
2022-06-01 19:12:23;25.89;751.34;39.84;
2022-06-01 19:13:23;25.86;751.32;39.93;
2022-06-01 19:14:23;25.88;751.35;39.73;
2022-06-01 19:15:23;25.86;751.35;39.75;
2022-06-01 19:16:23;25.82;751.33;39.9;
2022-06-01 19:17:23;25.84;751.32;39.83;
2022-06-01 19:18:23;25.79;751.31;39.99;
2022-06-01 19:19:23;25.84;751.32;39.87;
2022-06-01 19:20:23;25.83;751.34;39.91;
2022-06-01 19:21:23;25.81;751.33;39.97;
2022-06-01 19:22:23;25.79;751.34;39.97;
2022-06-01 19:23:23;25.78;751.34;40.01;
2022-06-01 19:24:23;25.74;751.33;40.08;
2022-06-01 19:25:23;25.76;751.29;39.99;
2022-06-01 19:26:23;25.74;751.31;40.02;
2022-06-01 19:27:23;25.69;751.34;40.22;
2022-06-01 19:28:23;25.7;751.31;40.15;
2022-06-01 19:29:23;25.7;751.3;40.1;
2022-06-01 19:30:23;25.67;751.33;40.28;
2022-06-01 19:31:23;25.68;751.29;40.2;
2022-06-01 19:32:23;25.65;751.33;40.28;
2022-06-01 19:33:24;25.62;751.33;40.29;
2022-06-01 19:34:24;25.62;751.34;40.39;
2022-06-01 19:35:24;25.58;751.32;40.48;
2022-06-01 19:36:23;25.58;751.33;40.42;
2022-06-01 19:37:23;25.58;751.35;40.39;
2022-06-01 19:38:23;25.58;751.34;40.4;
2022-06-01 19:39:24;25.58;751.35;40.35;
2022-06-01 19:40:23;25.57;751.32;40.47;
2022-06-01 19:41:23;25.53;751.33;40.58;
2022-06-01 19:42:23;25.53;751.34;40.56;
2022-06-01 19:43:24;25.54;751.32;40.5;
2022-06-01 19:44:23;25.5;751.34;40.66;
2022-06-01 19:45:23;25.5;751.32;40.63;
2022-06-01 19:46:23;25.51;751.31;40.61;
2022-06-01 19:47:23;25.5;751.33;40.61;
2022-06-01 19:48:23;25.48;751.31;40.68;
2022-06-01 19:49:23;25.47;751.32;40.67;
2022-06-01 19:50:23;25.48;751.3;40.61;
2022-06-01 19:51:23;25.45;751.29;40.75;
2022-06-01 19:52:23;25.45;751.26;40.71;
2022-06-01 19:53:23;25.46;751.28;40.68;
2022-06-01 19:54:23;25.44;751.27;40.75;
2022-06-01 19:55:24;25.44;751.27;40.7;
2022-06-01 19:56:23;25.43;751.24;40.7;
2022-06-01 19:57:23;25.41;751.28;40.83;
2022-06-01 19:58:23;25.42;751.25;40.81;
2022-06-01 19:59:23;25.41;751.21;40.73;
2022-06-01 20:00:24;25.42;751.25;40.76;
2022-06-01 20:01:23;25.4;751.2;40.75;
2022-06-01 20:02:23;25.4;751.23;40.78;
2022-06-01 20:03:23;25.41;751.19;40.76;
2022-06-01 20:04:23;25.38;751.18;40.78;
2022-06-01 20:05:23;25.36;751.2;40.71;
2022-06-01 20:06:23;25.38;751.22;40.81;
2022-06-01 20:07:23;25.37;751.23;40.81;
2022-06-01 20:08:23;25.36;751.24;40.84;
2022-06-01 20:09:23;25.35;751.21;40.85;
2022-06-01 20:10:23;25.37;751.2;40.8;
2022-06-01 20:11:23;25.34;751.19;40.74;
2022-06-01 20:12:23;25.34;751.21;40.84;
2022-06-01 20:13:23;25.37;751.22;40.79;
2022-06-01 20:14:23;25.34;751.2;40.83;
2022-06-01 20:15:23;25.33;751.2;40.88;
2022-06-01 20:16:23;25.31;751.2;40.91;
2022-06-01 20:17:23;25.34;751.21;40.83;
2022-06-01 20:18:23;25.32;751.2;40.82;
2022-06-01 20:19:23;25.32;751.2;40.84;
2022-06-01 20:20:23;25.32;751.2;40.85;
2022-06-01 20:21:23;25.33;751.18;40.89;
2022-06-01 20:22:24;25.32;751.19;40.86;
2022-06-01 20:23:23;25.28;751.18;40.93;
2022-06-01 20:24:24;25.31;751.18;40.84;
2022-06-01 20:25:23;25.29;751.2;40.86;
2022-06-01 20:26:23;25.28;751.2;40.92;
2022-06-01 20:27:23;25.3;751.2;40.87;
2022-06-01 20:28:23;25.3;751.17;40.87;
2022-06-01 20:29:24;25.29;751.19;40.89;
2022-06-01 20:30:23;25.32;751.18;40.81;
2022-06-01 20:31:24;25.3;751.17;40.88;
2022-06-01 20:32:24;25.29;751.13;40.85;
2022-06-01 20:33:24;25.29;751.13;40.84;
2022-06-01 20:34:23;25.29;751.12;40.84;
2022-06-01 20:35:24;25.28;751.13;40.86;
2022-06-01 20:36:24;25.27;751.13;40.87;
2022-06-01 20:37:24;25.26;751.12;40.92;
2022-06-01 20:38:24;25.26;751.12;40.87;
2022-06-01 20:39:23;25.23;751.12;40.94;
2022-06-01 20:40:24;25.23;751.12;40.99;
2022-06-01 20:41:23;25.26;751.14;40.83;
2022-06-01 20:42:24;25.24;751.1;40.86;
2022-06-01 20:43:24;25.23;751.13;40.98;
2022-06-01 20:44:23;25.23;751.1;40.95;
2022-06-01 20:45:24;25.23;751.09;40.94;
2022-06-01 20:46:23;25.23;751.11;40.9;
2022-06-01 20:47:24;25.22;751.09;40.96;
2022-06-01 20:48:23;25.21;751.08;40.97;
2022-06-01 20:49:24;25.23;751.1;40.96;
2022-06-01 20:50:23;25.22;751.08;40.97;
2022-06-01 20:51:23;25.19;751.1;40.87;
2022-06-01 20:52:23;25.15;751.07;41.14;
2022-06-01 20:53:23;25.18;751.08;41.15;
2022-06-01 20:54:23;25.21;751.07;41.05;
2022-06-01 20:55:31;25.25;751.09;41.26;
2022-06-01 20:56:23;25.32;751.07;41.18;
2022-06-01 20:57:23;25.38;751.1;40.92;
2022-06-01 20:58:23;25.44;751.09;40.91;
2022-06-01 20:59:29;25.5;751.1;40.66;
2022-06-01 21:00:23;25.55;751.09;40.65;
2022-06-01 21:01:24;25.61;751.11;40.53;
2022-06-01 21:02:23;25.56;751.1;40.43;
2022-06-01 21:03:23;25.48;751.11;40.53;
2022-06-01 21:04:23;25.43;751.09;40.67;
2022-06-01 21:06:23;25.4;751.07;40.79;
2022-06-01 21:07:23;25.4;751.06;40.76;
2022-06-01 21:08:23;25.4;751.05;40.74;
2022-06-01 21:09:24;25.36;751.06;40.83;
2022-06-01 21:10:23;25.37;751.06;40.78;
2022-06-01 21:11:23;25.4;751.07;40.72;
2022-06-01 21:12:23;25.36;751.09;40.82;
2022-06-01 21:13:23;25.37;751.07;40.8;
2022-06-01 21:14:24;25.35;751.06;40.85;
2022-06-01 21:15:24;25.32;751.04;40.88;
2022-06-01 21:16:24;25.32;751.06;40.86;
2022-06-01 21:17:24;25.34;751.08;40.85;
2022-06-01 21:18:24;25.31;751.09;40.91;
2022-06-01 21:19:24;25.31;751.09;40.92;
2022-06-01 21:20:24;25.31;751.1;40.84;
2022-06-01 21:21:24;25.29;751.1;40.93;
2022-06-01 21:22:23;25.26;751.09;40.97;
2022-06-01 21:23:24;25.29;751.05;40.91;
2022-06-01 21:24:23;25.24;751.09;41.02;
2022-06-01 21:25:24;25.25;751.06;40.96;
2022-06-01 21:26:23;25.22;751.04;40.98;
2022-06-01 21:27:23;25.23;751.03;40.98;
2022-06-01 21:28:23;25.24;751.07;40.97;
2022-06-01 21:29:23;25.26;751.06;40.93;
2022-06-01 21:30:23;25.22;751.08;41.03;
2022-06-01 21:31:23;25.21;751.05;41;
2022-06-01 21:32:23;25.19;751.1;41.05;
2022-06-01 21:33:23;25.2;751.09;41.03;
2022-06-01 21:34:23;25.2;751.09;41.03;
2022-06-01 21:35:23;25.17;751.1;41.06;
2022-06-01 21:36:23;25.15;751.11;41.13;
2022-06-01 21:37:24;25.14;751.08;41.11;
2022-06-01 21:38:23;25.11;751.1;41.19;
2022-06-01 21:39:23;25.12;751.08;41.12;
2022-06-01 21:40:24;25.13;751.07;41.12;
2022-06-01 21:41:23;25.1;751.07;41.18;
2022-06-01 21:42:23;25.08;751.04;41.26;
2022-06-01 21:43:23;25.07;751.1;41.25;
2022-06-01 21:44:23;25.08;751.08;41.2;
2022-06-01 21:45:23;25.06;751.07;41.27;
2022-06-01 21:46:23;25.04;751.07;41.33;
2022-06-01 21:47:23;25.03;751.06;41.33;
2022-06-01 21:48:23;25.02;751.07;41.33;
2022-06-01 21:49:23;25.02;751.06;41.36;
2022-06-01 21:50:24;25.02;751.09;41.33;
2022-06-01 21:51:23;25;751.09;41.37;
2022-06-01 21:52:23;24.98;751.07;41.42;
2022-06-01 21:53:24;24.98;751.1;41.45;
2022-06-01 21:54:23;24.98;751.1;41.42;
2022-06-01 21:55:23;24.92;751.07;41.54;
2022-06-01 21:56:23;24.95;751.09;41.47;
2022-06-01 21:57:23;24.93;751.08;41.51;
2022-06-01 21:58:23;24.95;751.08;41.44;
2022-06-01 21:59:24;24.95;751.1;41.45;
2022-06-01 22:00:24;24.93;751.08;41.49;
2022-06-01 22:01:24;24.92;751.06;41.51;
2022-06-01 22:02:23;24.92;751.08;41.48;
2022-06-01 22:03:23;24.9;751.08;41.54;
2022-06-01 22:04:24;24.9;751.07;41.51;
2022-06-01 22:05:24;24.88;751.08;41.59;
2022-06-01 22:06:24;24.87;751.04;41.6;
2022-06-01 22:07:23;24.86;751.05;41.57;
2022-06-01 22:08:23;24.87;751.05;41.55;
2022-06-01 22:09:24;24.87;751.06;41.56;
2022-06-01 22:10:23;24.89;751.04;41.48;
2022-06-01 22:11:23;24.87;751.07;41.56;
2022-06-01 22:12:24;24.85;751.02;41.57;
2022-06-01 22:13:23;24.85;751.04;41.57;
2022-06-01 22:14:23;24.83;751.05;41.59;
2022-06-01 22:15:23;24.83;751.04;41.59;
2022-06-01 22:16:24;24.82;751.06;41.6;
2022-06-01 22:17:23;24.81;751;41.61;
2022-06-01 22:18:23;24.86;751.02;41.52;
2022-06-01 22:19:23;24.82;751.03;41.59;
2022-06-01 22:20:24;24.78;751.03;41.7;
2022-06-01 22:21:24;24.79;751.02;41.64;
2022-06-01 22:22:23;24.76;751.05;41.71;
2022-06-01 22:23:24;24.76;751.07;41.68;
2022-06-01 22:24:23;24.75;751.06;41.72;
2022-06-01 22:25:24;24.76;751.06;41.7;
2022-06-01 22:26:23;24.76;751.06;41.73;
2022-06-01 22:27:23;24.75;751.05;41.71;
2022-06-01 22:28:23;24.75;751.08;41.72;
2022-06-01 22:29:24;24.74;751.06;41.69;
2022-06-01 22:30:24;24.73;751.07;41.72;
2022-06-01 22:31:24;24.73;751.05;41.74;
2022-06-01 22:32:23;24.72;751.04;41.75;
2022-06-01 22:33:23;24.73;751.06;41.7;
2022-06-01 22:34:23;24.71;751.04;41.72;
2022-06-01 22:35:23;24.72;751.07;41.72;
2022-06-01 22:36:23;24.72;751.06;41.76;
2022-06-01 22:37:23;24.71;751.03;41.78;
2022-06-01 22:38:24;24.69;751.05;41.73;
2022-06-01 22:39:23;24.69;751.03;41.79;
2022-06-01 22:40:24;24.7;751.03;41.79;
2022-06-01 22:41:23;24.7;751.02;41.77;
2022-06-01 22:42:23;24.68;751.05;41.82;
2022-06-01 22:43:23;24.68;751.04;41.81;
2022-06-01 22:44:23;24.68;751.03;41.8;
2022-06-01 22:45:23;24.67;751.05;41.81;
2022-06-01 22:46:23;24.67;751.03;41.81;
2022-06-01 22:47:24;24.68;751.05;41.76;
2022-06-01 22:48:23;24.67;751.04;41.85;
2022-06-01 22:49:24;24.68;751.03;41.73;
2022-06-01 22:50:23;24.65;751.04;41.81;
2022-06-01 22:51:23;24.65;751.03;41.84;
2022-06-01 22:52:24;24.65;751.08;41.84;
2022-06-01 22:53:24;24.65;751.08;41.81;
2022-06-01 22:54:23;24.64;751.08;41.83;
2022-06-01 22:55:23;24.64;751.08;41.84;
2022-06-01 22:56:24;24.64;751.1;41.85;
2022-06-01 22:57:24;24.63;751.12;41.88;
2022-06-01 22:58:23;24.64;751.13;41.88;
2022-06-01 22:59:23;24.64;751.15;41.9;
2022-06-01 23:00:23;24.61;751.12;41.97;
2022-06-01 23:01:23;24.62;751.13;41.92;
2022-06-01 23:02:24;24.61;751.14;41.97;
2022-06-01 23:03:23;24.62;751.11;41.92;
2022-06-01 23:04:23;24.63;751.12;41.89;
2022-06-01 23:05:23;24.62;751.11;41.94;
2022-06-01 23:06:23;24.63;751.11;41.94;
2022-06-01 23:07:23;24.62;751.14;41.94;
2022-06-01 23:08:23;24.61;751.14;41.99;
2022-06-01 23:09:23;24.6;751.16;42.09;
2022-06-01 23:10:23;24.59;751.17;42.07;
2022-06-01 23:11:23;24.58;751.19;42.07;
2022-06-01 23:12:23;24.59;751.17;42.04;
2022-06-01 23:13:24;24.58;751.21;42.09;
2022-06-01 23:14:23;24.6;751.18;42.06;
2022-06-01 23:15:23;24.58;751.22;42.19;
2022-06-01 23:16:23;24.58;751.2;42.21;
2022-06-01 23:17:23;24.57;751.25;42.3;
2022-06-01 23:18:24;24.56;751.24;42.29;
2022-06-01 23:19:23;24.55;751.23;42.33;
2022-06-01 23:20:23;24.53;751.23;42.35;
2022-06-01 23:21:24;24.56;751.27;42.23;
2022-06-01 23:22:24;24.54;751.25;42.35;
2022-06-01 23:23:23;24.57;751.27;42.26;
2022-06-01 23:24:23;24.54;751.27;42.35;
2022-06-01 23:25:23;24.53;751.29;42.38;
2022-06-01 23:26:23;24.54;751.3;42.36;
2022-06-01 23:27:27;24.55;751.26;42.34;
2022-06-01 23:28:23;24.54;751.26;42.38;
2022-06-01 23:29:23;24.53;751.27;42.38;
2022-06-01 23:30:23;24.52;751.27;42.39;
2022-06-01 23:31:24;24.53;751.27;42.32;
2022-06-01 23:32:24;24.53;751.26;42.29;
2022-06-01 23:33:23;24.53;751.26;42.27;
2022-06-01 23:34:24;24.5;751.26;42.34;
2022-06-01 23:35:23;24.51;751.23;42.33;
2022-06-01 23:36:23;24.5;751.24;42.36;
2022-06-01 23:37:23;24.51;751.24;42.31;
2022-06-01 23:38:24;24.51;751.22;42.33;
2022-06-01 23:39:24;24.48;751.25;42.38;
2022-06-01 23:40:23;24.5;751.23;42.37;
2022-06-01 23:41:24;24.48;751.22;42.37;
2022-06-01 23:42:23;24.5;751.23;42.35;
2022-06-01 23:43:23;24.5;751.22;42.34;
2022-06-01 23:44:23;24.49;751.24;42.32;
2022-06-01 23:45:23;24.47;751.21;42.42;
2022-06-01 23:46:23;24.46;751.2;42.52;
2022-06-01 23:47:23;24.47;751.19;42.46;
2022-06-01 23:48:23;24.47;751.23;42.46;
2022-06-01 23:49:23;24.48;751.22;42.43;
2022-06-01 23:50:23;24.45;751.19;42.54;
2022-06-01 23:51:23;24.46;751.19;42.5;
2022-06-01 23:52:23;24.44;751.17;42.61;
2022-06-01 23:53:23;24.44;751.18;42.54;
2022-06-01 23:54:23;24.48;751.16;42.47;
2022-06-01 23:55:24;24.44;751.16;42.52;
2022-06-01 23:56:24;24.47;751.15;42.44;
2022-06-01 23:57:23;24.46;751.16;42.45;
2022-06-01 23:58:23;24.44;751.16;42.52;
2022-06-01 23:59:23;24.43;751.16;42.54;
